<?xml version="1.0" encoding="UTF-8"?>
<results version="2">
    <cppcheck version="2.18.0"/>
    <errors>
        <error id="assignmentInAssert" severity="warning" msg="Assert statement modifies &amp;#039;z&amp;#039;." verbose="Variable &amp;#039;z&amp;#039; is modified inside assert statement. Assert statements are removed from release builds so the code inside assert statement is not executed. If the code is needed also in release builds, this is a bug." cwe="398" file0="source/repos/ConsoleStaticTesting/ConsoleStaticTesting/ConsoleStaticTesting.cpp" sinceDate="10/4/2025">
            <location file="source\repos\ConsoleStaticTesting\ConsoleStaticTesting\ConsoleStaticTesting.cpp" line="127"/>
        </error>
        <error id="assertWithSideEffect" severity="warning" msg="Assert statement calls a function which may have desired side effects: &amp;#039;my_function&amp;#039;." verbose="Non-pure function: &amp;#039;my_function&amp;#039; is called inside assert statement. Assert statements are removed from release builds so the code inside assert statement is not executed. If the code is needed also in release builds, this is a bug." cwe="398" file0="source/repos/ConsoleStaticTesting/ConsoleStaticTesting/ConsoleStaticTesting.cpp" sinceDate="10/4/2025">
            <location file="source\repos\ConsoleStaticTesting\ConsoleStaticTesting\ConsoleStaticTesting.cpp" line="129"/>
        </error>
        <error id="uselessAssignmentPtrArg" severity="warning" msg="Assignment of function parameter has no effect outside the function. Did you forget dereferencing it?" verbose="Assignment of function parameter has no effect outside the function. Did you forget dereferencing it?" cwe="398" file0="source/repos/ConsoleStaticTesting/ConsoleStaticTesting/ConsoleStaticTesting.cpp" sinceDate="10/4/2025">
            <location file="source\repos\ConsoleStaticTesting\ConsoleStaticTesting\ConsoleStaticTesting.cpp" line="109"/>
        </error>
        <error id="autoVariables" severity="error" msg="Address of local auto-variable assigned to a function parameter." verbose="Dangerous assignment - the function parameter is assigned the address of a local auto-variable. Local auto-variables are reserved from the stack which is freed when the function ends. So the pointer to a local variable is invalid after the function ends." cwe="562" file0="source/repos/ConsoleStaticTesting/ConsoleStaticTesting/ConsoleStaticTesting.cpp" sinceDate="10/4/2025">
            <location file="source\repos\ConsoleStaticTesting\ConsoleStaticTesting\ConsoleStaticTesting.cpp" line="59"/>
        </error>
        <error id="compareBoolExpressionWithInt" severity="warning" msg="Comparison of a boolean expression with an integer other than 0 or 1." verbose="Comparison of a boolean expression with an integer other than 0 or 1." cwe="398" file0="source/repos/ConsoleStaticTesting/ConsoleStaticTesting/ConsoleStaticTesting.cpp" sinceDate="10/4/2025">
            <location file="source\repos\ConsoleStaticTesting\ConsoleStaticTesting\ConsoleStaticTesting.cpp" line="129"/>
        </error>
        <error id="arrayIndexOutOfBoundsCond" severity="warning" msg="Either the condition &amp;#039;count==1000&amp;#039; is redundant or the array &amp;#039;buf[10]&amp;#039; is accessed at index 1000, which is out of bounds." verbose="Either the condition &amp;#039;count==1000&amp;#039; is redundant or the array &amp;#039;buf[10]&amp;#039; is accessed at index 1000, which is out of bounds." cwe="788" file0="source/repos/ConsoleStaticTesting/ConsoleStaticTesting/ConsoleStaticTesting.cpp" sinceDate="10/4/2025">
            <location file="source\repos\ConsoleStaticTesting\ConsoleStaticTesting\ConsoleStaticTesting.cpp" line="66" info="Array index out of bounds"/>
            <location file="source\repos\ConsoleStaticTesting\ConsoleStaticTesting\ConsoleStaticTesting.cpp" line="65" info="Assuming that condition &amp;#039;count==1000&amp;#039; is not redundant"/>
        </error>
        <error id="uninitMemberVarPrivate" severity="warning" msg="Member variable &amp;#039;A::x&amp;#039; is not initialized in the copy constructor." verbose="Member variable &amp;#039;A::x&amp;#039; is not initialized in the copy constructor. Member variables of native types, pointers, or references are left uninitialized when the class is instantiated. That may cause bugs or undefined behavior." cwe="398" file0="source/repos/ConsoleStaticTesting/ConsoleStaticTesting/ConsoleStaticTesting.cpp" sinceDate="10/4/2025">
            <location file="source\repos\ConsoleStaticTesting\ConsoleStaticTesting\ConsoleStaticTesting.cpp" line="42"/>
        </error>
        <error id="throwInNoexceptFunction" severity="error" msg="Exception thrown in function declared not to throw exceptions." verbose="Exception thrown in function declared not to throw exceptions." cwe="398" file0="source/repos/ConsoleStaticTesting/ConsoleStaticTesting/ConsoleStaticTesting.cpp" sinceDate="10/4/2025">
            <location file="source\repos\ConsoleStaticTesting\ConsoleStaticTesting\ConsoleStaticTesting.cpp" line="52"/>
        </error>
        <error id="nullPointerRedundantCheck" severity="warning" msg="Either the condition &amp;#039;tok&amp;#039; is redundant or there is possible null pointer dereference: tok." verbose="Either the condition &amp;#039;tok&amp;#039; is redundant or there is possible null pointer dereference: tok." cwe="476" file0="source/repos/ConsoleStaticTesting/ConsoleStaticTesting/ConsoleStaticTesting.cpp" sinceDate="10/4/2025">
            <location file="source\repos\ConsoleStaticTesting\ConsoleStaticTesting\ConsoleStaticTesting.cpp" line="109" info="Null pointer dereference"/>
            <location file="source\repos\ConsoleStaticTesting\ConsoleStaticTesting\ConsoleStaticTesting.cpp" line="108" info="Assuming that condition &amp;#039;tok&amp;#039; is not redundant"/>
        </error>
        <error id="invalidContainer" severity="error" msg="Using iterator to local container &amp;#039;items&amp;#039; that may be invalid." verbose="Using iterator to local container &amp;#039;items&amp;#039; that may be invalid." inconclusive="true" cwe="664" file0="source/repos/ConsoleStaticTesting/ConsoleStaticTesting/ConsoleStaticTesting.cpp" sinceDate="10/4/2025">
            <location file="source\repos\ConsoleStaticTesting\ConsoleStaticTesting\ConsoleStaticTesting.cpp" line="87" info=""/>
            <location file="source\repos\ConsoleStaticTesting\ConsoleStaticTesting\ConsoleStaticTesting.cpp" line="82" info="Variable created here."/>
            <location file="source\repos\ConsoleStaticTesting\ConsoleStaticTesting\ConsoleStaticTesting.cpp" line="89" info="After calling &amp;#039;erase&amp;#039;, iterators or references to the container&amp;#039;s data may be invalid ."/>
            <location file="source\repos\ConsoleStaticTesting\ConsoleStaticTesting\ConsoleStaticTesting.cpp" line="87" info="Assuming condition is true."/>
            <location file="source\repos\ConsoleStaticTesting\ConsoleStaticTesting\ConsoleStaticTesting.cpp" line="88" info="Assuming condition is true."/>
            <location file="source\repos\ConsoleStaticTesting\ConsoleStaticTesting\ConsoleStaticTesting.cpp" line="87" info="Iterator to container is created here."/>
        </error>
    </errors>
</results>
